user_input,retrieved_contexts,response,reference,faithfulness,answer_relevancy,context_recall,context_precision
Who is the main hero in the Ramayana?,"['Ramayana is an ancient Hindu epic from India, believed to be thousands of years old. It tells the story of a prince named Rama, who is considered an avatar, or earthly form, of the god Vishnu. Rama is exiled from his kingdom for fourteen years along with his wife Sita and his loyal brother Lakshmana. During this time, the demon king Ravana kidnaps Sita and takes her to his island kingdom of Lanka. Rama joins forces with Hanuman, a devoted monkey warrior with great strength and wisdom, to rescue Sita. Together they build a bridge to Lanka and defeat Ravana in battle. Rama returns home to become king, and his rule is remembered as a time of peace and goodness. The Ramayana teaches values like loyalty, courage, and the victory of good over evil.']","The main hero in the Ramayana is Rama 🙌! He's a prince from a kingdom who gets exiled to Lanka and joins forces with his loyal brother and friend Hanuman. Together, they save Sita from the evil Ravana and bring peace back home 🔥.",Lord Rama is the main hero in the Ramayana.,0.2857142857142857,0.9999999999999999,1.0,0.9999999999
What is 7 times 8?,"['- Game Time Unplugged (7/8/2026)\n- AEW Dynamite Beach Break (7/8/26): Start Time, Match Card, How To Watch & Live Stream\n- Missouri Valley Conference Announces Game Times / Seeds for State Farm MVC Tournament']","🏈💪 The answer to the question ""What is 7 times 8?"" is 56.",7 times 8 equals 56.,0.0,1.0,0.0,0.0
Which countries are hosting the 2026 World Cup?,"[""- 2026 FIFA World Cup Livestream: How to Watch Today's Quarterfinals, Even for Free\n- 2026 FIFA World Cup: A Complete Guide to Quarterfinals, Semifinals, Results, Schedule, and Rules\n- The Hydration-Break World Cup by Jonathan Wilson""]","Here's the answer:

The 2026 FIFA World Cup is hosted by... 🏆 THREE COUNTRIES! The United States, Canada, and Mexico will co-host the tournament. These countries are hosting different parts of the world: the US will host the US Open (soccer), Canada will host the Canada Soccer National Team Challenge, and Mexico will host the Algarrobo Stadium in Chile 🏈🇲🇽.

Note: The text doesn't mention which specific","The USA, Canada, and Mexico are co-hosting the 2026 World Cup.",0.0,0.9861164397071361,0.0,0.0
What happened to Ravana in the story?,"['Ramayana is an ancient Hindu epic from India, believed to be thousands of years old. It tells the story of a prince named Rama, who is considered an avatar, or earthly form, of the god Vishnu. Rama is exiled from his kingdom for fourteen years along with his wife Sita and his loyal brother Lakshmana. During this time, the demon king Ravana kidnaps Sita and takes her to his island kingdom of Lanka. Rama joins forces with Hanuman, a devoted monkey warrior with great strength and wisdom, to rescue Sita. Together they build a bridge to Lanka and defeat Ravana in battle. Rama returns home to become king, and his rule is remembered as a time of peace and goodness. The Ramayana teaches values like loyalty, courage, and the victory of good over evil.']","Here's what happened to Ravana:

🌪️💥 Ravana was defeated by Ramayana characters 🙏. He had captured Sita and took her to his kingdom of Lanka! Eventually, he got into a fierce battle with the heroes, but in the end, he lost 💔.",Ravana was defeated by Rama in a great battle because he kidnapped Sita.,0.8,0.9388850027979588,1.0,0.9999999999
How many cities will host games in the 2026 World Cup?,"['- World Cup Updates: England vs. Norway Is a Battle of Old Friends\n- How to Watch the 2026 FIFA World Cup: Scores, Schedule, Dates for Every Match\n- Kansas City hopes World Cup is the first of many international events in Missouri']","Here's the answer to your question:

* The United States will host the 2026 FIFA World Cup! 🏆
* This is the first time a major international sports event will be hosted by Missouri. 😊
* Kansas City has been selected as one of the cities that will host games during the tournament, which is expected to be held in two or three locations: Dallas and Houston? 🚗","The 2026 World Cup will be hosted across 16 cities in the USA, Canada, and Mexico.",0.16666666666666666,0.8924920650045461,0.0,0.0
Who won the World Cup?,"[""- Why The Remaining 8 World Cup Teams Each Could Win It All — And Why They Won't\n- World Cup 2026: 'Unbelievable' France aim to eclipse previous glories\n- FIFA World Cup: Which quarterfinal team has best chance to win the trophy?""]","Here are the key facts from the context:

🏆 The question is about which team will win the next World Cup (2026) and why they should have a chance to do so. 🌎
The teams that could potentially win the tournament include France. 💪
The French team has been working hard and trying their best, but it's not yet clear if they'll be able to win the trophy. 😬",This is ambiguous without specifying which year; Argentina won the most recent World Cup in 2022.,0.3333333333333333,0.0,0.0,0.0
What's happening in sports today?,"[""- As expected, the Travis Kelce-Taylor Swift wedding is happening today\n- Winter Olympics schedule today: Every event happening on Feb. 22\n- What's the goal of kids sports? World Series champ offers perspective""]","🏈🎉 The Travis Kelce-Taylor Swift wedding is taking place on February 22! 🤵‍♂️ It seems like a fun day for both of them to celebrate their love. 💕 As the Winter Olympics schedule is about to start, kids' sports are preparing for another exciting day of events! ⏰","[VERIFY] Current sports news varies daily and includes games, matches, and tournaments across various sports.",0.0,0.4024765902216001,0.0,0.0
Did any rockets launch recently?,"[""- Space Coast launch schedule:\n- SpaceX rocket launch should be visible in Phoenix tonight\n- Last night's SpaceX rocket launch creates striking views in California""]","Here are the key facts:

🚀 There have been recent rocket launches 🚀. SpaceX has a schedule for launching rockets ✈️, and it looks like they should be visible tonight in Phoenix! Last night's launch was a big deal because it created striking views in California 🌊.",[VERIFY] Space launches occur regularly from various space agencies and private companies around the world.,0.8,0.8015721336979743,0.0,0.9999999999
What's the latest news about space?,"[""- NM FAST launches space SBIR/STTR accelerator for New Mexico startups\n- Friday's SpaceX IPO Was Bad News for Space Stocks. These Experts Thinks They Can Rise Again\n- Space stocks surge after SpaceX IPO S-1 filing""]","Here is a kid-friendly answer:

Space companies are very excited because they heard that Friday's big announcement, called the ""IPO"", was not good for space stocks. But don't worry! 🚀 Space stocks are already rising again because of what happened before the IPO. Many experts think they can keep growing! 💪","[VERIFY] Recent space news includes ongoing ISS operations, satellite launches, and discoveries from space telescopes and planetary missions.",0.3333333333333333,0.5587202560631124,0.0,0.0
Are there any big soccer games today?,"['- What soccer games are today? Breaking down World Cup schedule for July 3\n- World Cup Schedule Today: Soccer Games, Kickoff Times, TV Channels For June 29\n- There’s a real shift toward soccer in the United States']","🏆 Yes, today's schedule has some exciting soccer matches! 🎉 According to the World Cup schedule for July 3, you can catch a match between Argentina and France. 😊 You'll also be able to watch other games like Brazil vs. Switzerland or Germany vs. Mexico in the afternoon.","[VERIFY] Soccer matches occur daily across various leagues worldwide, with specific games depending on the current season and date.",0.0,0.8969485866584089,0.0,0.0
What's in the news for kids today?,"['- Who are today’s kids’ biggest heroes?\n- Kids online safety package clears House, drawing warnings from digital rights and tech groups\n- WATCH: Trump administration seeks to cut off access to transgender health care for U.S. children']","😱👦 Many people think today's biggest heroes are scientists and doctors who help keep us safe! 🌟 But what's actually happening is that some groups of experts, like digital rights and tech groups, are worried about a new bill that could cut off kids' access to important health care for being transgender. 💉😬","[VERIFY] Current news includes stories about science discoveries, sports events, educational topics, and kid-friendly current events.",0.5,0.5151477074297579,0.0,0.0
What happened at the Olympics?,"['- FIFA World Cup 2026 – France 2-0 Morocco, quarter-final\n- I’m Still Trying to Process Ilia Malinin’s Olympic Meltdown\n- What Happened to Lindsey Vonn at the Olympics? Everything We Know About Her Horrific Crash and Recovery']","Here's a summary of what happened:

🏅 It was the quarter-final match between France and Morocco, where France won 2-0! ⚽️ Lindsey Vonn crashed hard on the ski slope during training before the Olympics, but she didn't even make it to the Olympic Games. 😨",[VERIFY] Olympic events depend on whether it's an Olympic year; the most recent Summer Olympics were in Paris 2024.,0.25,0.49579684336190505,0.0,0.0
Are there any cool animal stories in the news?,"['- The Animal Care Stories That Shaped 2025 at the Smithsonian’s National Zoo\n- These are our favorite animal stories of 2025\n- A shakeup at L.A.’s animal services. Is that good news for its 60,000 animals?']","Here's a possible answer:

🌟 There are some really exciting animal stories happening right now! One of them is about a zoo in California where a big shakeup happened at their animal services. 🐠💪 But wait, you might ask? 🤔 The good news is that this could be an opportunity for the zoo to become even more amazing and fun for visitors like you! 🎉","[VERIFY] News outlets regularly feature stories about animal rescues, new species discoveries, and interesting animal behaviors.",0.0,0.0,0.0,0.0
What's happening with climate change?,"[""- Climate Change | Pros, Cons, Debate, Arguments, Global Warming, & Environmental Activism\n- The Silence on Climate Change Is Totally Unacceptable\n- How a heat dome is formed and why experts blame one for Europe's baking temperatures""]","Here are the key facts:

🌡️ Climate change is bad news. It's when the Earth gets too hot because of things like pollution and people cutting down trees. This can make extreme weather events happen like heatwaves 🤯.

💬 There are lots of arguments about climate change, but one expert says a big problem is that some areas in Europe are getting really hot, making it hard to breathe and live comfortably.","[VERIFY] Climate change news includes reports on weather patterns, conservation efforts, and environmental initiatives worldwide.",0.2857142857142857,0.73857193131639,0.0,0.0
Is there any news about NASA?,"['- NASA\'s New Horizons probe just woke up from hibernation 6 billion miles away beyond Pluto. What\'s it doing out there?\n- NASA administrator says ""we are very much in a space race right now"" against China\n- NASA to Host Artemis II Crew Postflight News Conference']","NASA is still recovering from the New Horizons probe's hibernation and getting ready for its next mission! 🚀 The agency has been competing with China to be the first to explore the Kuiper Belt. And, soon after the Artemis II crew returns from their spaceflight, NASA will hold a news conference to share exciting updates about upcoming missions! 🎉","[VERIFY] NASA regularly conducts missions, launches, experiments on the ISS, and studies with its Mars rovers and space telescopes.",0.16666666666666666,0.6755344615285507,0.0,0.0
